Name,Date,Time,Status
Apurvam Arya,2026-01-16,11:03:25,Present
Nishant Raghav,2026-01-16,11:03:26,Present
Satyarata Behera,2026-01-16,11:03:27,Present
Mayank,2026-01-16,14:10:06,Present
Mudit Pandey,2026-01-16,14:10:10,Present
Apurvam Arya,2026-01-16,14:10:28,Present
Apurvam Arya,2026-01-16,15:03:56,Present
Mudit Pandey,2026-01-16,15:04:00,Present
Satyarata Behera,2026-01-16,15:04:04,Present
Aakarsh Singh,2026-01-18,17:57:33,Present
Apurvam Arya,2026-01-18,17:57:36,Present
Pratham Agarwal,2026-01-18,17:57:40,Present
Satyarata Behera,2026-01-18,17:57:42,Present
Mayank,2026-01-18,17:57:47,Present
Virat Kohli,2026-01-21,10:54:24,Present
Marmik,2026-02-08,18:55:25,Present
Apurvam Arya,2026-02-08,18:55:28,Present
Henry Cavill,2026-02-08,18:55:30,Present
Virat Kohli,2026-02-08,18:55:31,Present
Henry Cavill,2026-02-08,21:33:53,Present
Kashyap,2026-02-08,21:33:53,Present
Anushka Sharma,2026-02-08,21:33:54,Present
Virat Kohli,2026-02-08,21:33:56,Present
Alexandra Daddario,2026-02-08,21:33:56,Present
Alia Bhatt,2026-02-08,21:33:58,Present
Courtney Cox,2026-02-08,21:34:08,Present
Elizabeth Olsen,2026-02-08,21:34:09,Present
Akshay Kumar,2026-02-08,21:34:16,Present
Robert Downey Jr,2026-02-08,21:34:17,Present
Hugh Jackman,2026-02-08,21:34:20,Present
Jessica Alba,2026-02-08,21:34:23,Present
